"0","Frequency analysis attack","-1"
"0","Frequency analysis attack","118182"
"0","Encryption key","-1"
"0","Encryption key","156527"
"0","Encryption key","341712"
"0","Computer graphics","-1"
"0","Computer graphics","473693"
"0","Computer graphics","521911"
"0","Computer graphics","476865"
"0","Computer graphics","476512"
"0","Computer graphics","541656"
"0","Computer graphics","628751"
"0","Computer graphics","533653"
"0","Plaintext","-1"
"0","Plaintext","543683"
"0","Plaintext","584749"
"0","Plaintext","523839"
"0","Plaintext","404568"
"0","Plaintext","473972"
"0","Plaintext","606136"
"0","Plaintext","89999"
"0","Plaintext","344661"
"0","Plaintext","555591"
"0","Plaintext","247285"
"0","Plaintext","99029"
"0","Plaintext","122386"
"0","Plaintext","242853"
"0","Plaintext","507728"
"0","Algorithm complexity","-1"
"0","Algorithm complexity","480001"
"0","Liked","-1"
"0","Liked","436512"
"0","Liked","510077"
"0","Liked","622057"
"0","Liked","544384"
"0","Liked","236616"
"0","Liked","330385"
"0","Liked","294209"
"0","Liked","19771"
"0","Liked","492361"
"1","Liked","-1"
"2","Check equation","-1"
"2","Check equation","527972"
"2","Check equation","415379"
"2","Check equation","618374"
"2","Check equation","597549"
"2","Check equation","493038"
"2","Check equation","154342"
"2","Check equation","164135"
"2","Check equation","58978"
"2","Check equation","619001"
"2","Check equation","541760"
"2","Check equation","116421"
"2","Check equation","626551"
"2","Check equation","143947"
"2","Check equation","123653"
"2","Hypertext Transfer Protocol (HTTP)","-1"
"2","Hypertext Transfer Protocol (HTTP)","276628"
"2","Hypertext Transfer Protocol (HTTP)","609468"
"2","Hypertext Transfer Protocol (HTTP)","82316"
"2","Hypertext Transfer Protocol (HTTP)","48906"
"2","Hypertext Transfer Protocol (HTTP)","291253"
"2","Hypertext Transfer Protocol (HTTP)","6769"
"2","Hypertext Transfer Protocol (HTTP)","584297"
"2","Hypertext Transfer Protocol (HTTP)","374329"
"2","Hypertext Transfer Protocol (HTTP)","11399"
"2","Edge detection","-1"
"2","Edge detection","108975"
"2","Edge detection","66682"
"2","Edge detection","23206"
"2","Edge detection","384717"
"2","Edge detection","494646"
"2","Liked","-1"
"2","Liked","295634"
"2","Liked","198690"
"2","Liked","611543"
"2","Liked","552045"
"2","Liked","333283"
"2","Liked","483249"
"2","Liked","528463"
"2","Liked","201870"
"2","Liked","378028"
"2","Liked","445646"
"3","Pixel","-1"
"3","Pixel","136027"
"3","Pixel","27011"
"3","Pixel","141672"
"3","Pixel","128096"
"3","Pixel","246855"
"3","Pixel","393084"
"3","Pixel","445318"
"3","Pixel","541446"
"3","Brute force attack","-1"
"3","Brute force attack","285817"
"3","Brute force attack","334572"
"3","Brute force attack","153112"
"3","Brute force attack","283584"
"3","Brute force attack","200664"
"3","Brute force attack","566324"
"3","Brute force attack","339824"
"3","Brute force attack","5555"
"3","Liked","-1"
"3","Liked","409288"
"3","Liked","223541"
"3","Liked","215110"
"3","Liked","500194"
"3","Liked","4"
"3","Liked","492667"
"3","Liked","185458"
"4","Encryption key","-1"
"4","Encryption key","574185"
"4","Encryption key","599737"
"4","Encryption key","508053"
"4","Encryption key","620650"
"4","Encryption key","154459"
"4","Encryption key","8290"
"4","Encryption key","342061"
"4","Encryption key","579929"
"4","Encryption key","509077"
"4","Encryption key","515499"
"4","Encryption key","463797"
"4","Ciphertext","-1"
"4","Ciphertext","577652"
"4","Ciphertext","507968"
"4","Server","-1"
"4","Server","593314"
"4","Server","44865"
"4","Server","358908"
"4","Server","204920"
"4","Server","522744"
"4","Server","73134"
"4","Server","438869"
"4","Server","360294"
"4","Server","626261"
"4","Server","587765"
"4","Server","238615"
"4","Server","615844"
"4","Public key cryptography","-1"
"4","Public key cryptography","540296"
"4","Public key cryptography","299217"
"4","Public key cryptography","32560"
"4","Task","-1"
"4","Task","230484"
"4","Task","192081"
"4","Task","625813"
"4","Task","337157"
"4","Task","406693"
"4","Task","381285"
"4","Task","571113"
"4","Task","199363"
"4","Task","411120"
"4","Task","72631"
"4","Task","182036"
"4","Task","255695"
"4","Task","161188"
"4","Task","414976"
"4","Liked","-1"
"4","Liked","261464"
"4","Liked","83128"
"4","Liked","617064"
"4","Liked","531511"
"5","Liked","-1"
"6","Algorithm analysis","-1"
"6","Algorithm analysis","130660"
"6","Algorithm analysis","517783"
"6","Algorithm analysis","376795"
"6","Algorithm analysis","286392"
"6","Algorithm analysis","609339"
"6","Algorithm analysis","86109"
"6","Algorithm analysis","549750"
"6","Algorithm analysis","539093"
"6","Algorithm analysis","234813"
"6","Algorithm analysis","356538"
"6","Finite state machine","-1"
"6","Finite state machine","526409"
"6","Finite state machine","352016"
"6","Finite state machine","237555"
"6","Finite state machine","26766"
"6","Finite state machine","92354"
"6","Finite state machine","586559"
"6","Liked","-1"
"6","Liked","605999"
"6","Liked","399683"
"6","Liked","597825"
"7","Task","-1"
"7","Task","535056"
"7","Task","307848"
"7","Task","450414"
"7","Task","48818"
"7","Lexical analysis","-1"
"7","Lexical analysis","175224"
"7","Lexical analysis","31683"
"7","Lexical analysis","502238"
"7","Known plaintext attack","-1"
"7","Known plaintext attack","474000"
"7","Known plaintext attack","208831"
"7","Known plaintext attack","54959"
"7","Known plaintext attack","385027"
"7","Known plaintext attack","251874"
"7","Known plaintext attack","445777"
"7","Known plaintext attack","542979"
"7","Known plaintext attack","406349"
"7","Known plaintext attack","292879"
"7","Liked","-1"
"7","Liked","436856"
"7","Liked","602658"
"7","Liked","621130"
"7","Liked","301779"
"7","Liked","3293"
"7","Liked","324362"
"8","Data processing","-1"
"8","Data processing","103357"
"8","Insertion sort","-1"
"8","Insertion sort","126629"
"8","Insertion sort","481947"
"8","Insertion sort","385761"
"8","Insertion sort","144117"
"8","Insertion sort","357121"
"8","Liked","-1"
"8","Liked","372213"
"9","Interface","-1"
"9","Interface","246654"
"9","Interface","16614"
"9","Interface","489056"
"9","Interface","163491"
"9","Interface","433836"
"9","Interface","133192"
"9","Interface","109580"
"9","Complement","-1"
"9","Complement","266235"
"9","Complement","271939"
"9","Complement","406856"
"9","Complement","173177"
"9","Complement","488288"
"9","Complement","201737"
"9","Complement","117176"
"9","Complement","309373"
"9","Redundant bits","-1"
"9","Redundant bits","125353"
"9","Redundant bits","469623"
"9","Redundant bits","430035"
"9","Redundant bits","497709"
"9","Redundant bits","261320"
"9","Redundant bits","419643"
"9","Redundant bits","245415"
"9","PNG","-1"
"9","PNG","4559"
"9","PNG","345769"
"9","PNG","410656"
"9","PNG","141785"
"9","PNG","150312"
"9","PNG","4210"
"9","PNG","50452"
"9","PNG","493140"
"9","PNG","463829"
"9","PNG","428118"
"9","PNG","377962"
"9","PNG","245284"
"9","PNG","371887"
"9","PNG","459582"
"9","PNG","320401"
"9","Liked","-1"
"9","Liked","413128"
"10","Insertion sort","-1"
"10","Insertion sort","224592"
"10","Insertion sort","126451"
"10","Insertion sort","364119"
"10","Insertion sort","501030"
"10","Insertion sort","94591"
"10","Insertion sort","320161"
"10","Insertion sort","88092"
"10","Insertion sort","594077"
"10","Feedback","-1"
"10","Feedback","302328"
"10","Feedback","478439"
"10","Feedback","387486"
"10","Feedback","587851"
"10","Feedback","85759"
"10","Software","-1"
"10","Software","602726"
"10","PNG","-1"
"10","PNG","109591"
"10","PNG","578548"
"10","PNG","454778"
"10","PNG","458940"
"10","PNG","14991"
"10","Algorithm analysis","-1"
"10","Algorithm analysis","515110"
"10","Algorithm analysis","568316"
"10","Algorithm analysis","21971"
"10","Algorithm analysis","223367"
"10","Algorithm analysis","5195"
"10","Algorithm analysis","615800"
"10","Algorithm analysis","475675"
"10","Algorithm analysis","202096"
"10","Algorithm analysis","220849"
"10","Algorithm analysis","196201"
"10","Liked","-1"
"10","Liked","503326"
"11","Complement","-1"
"11","Complement","447107"
"11","Complement","24912"
"11","Complement","296197"
"11","Complement","567817"
"11","Complement","412306"
"11","Complement","424887"
"11","Complement","595064"
"11","ISBN","-1"
"11","ISBN","114610"
"11","ISBN","18005"
"11","ISBN","219113"
"11","ISBN","430081"
"11","ISBN","321926"
"11","ISBN","96272"
"11","ISBN","605281"
"11","ISBN","387631"
"11","ISBN","122325"
"11","ISBN","289800"
"11","ISBN","569000"
"11","ISBN","92863"
"11","ISBN","324045"
"11","ISBN","349688"
"11","ISBN","489456"
"11","Server","-1"
"11","Server","64702"
"11","Server","616011"
"11","Server","4778"
"11","Server","64278"
"11","Server","83274"
"11","Server","368630"
"11","Server","154383"
"11","Server","109380"
"11","Server","272535"
"11","Server","-1"
"11","Server","625297"
"11","Server","308593"
"11","Server","512845"
"11","Server","340715"
"11","Server","16274"
"11","Linear search (sequential search)","-1"
"11","Linear search (sequential search)","252826"
"11","Linear search (sequential search)","113291"
"11","Linear search (sequential search)","124619"
"11","Linear search (sequential search)","180286"
"11","Linear search (sequential search)","477260"
"11","Linear search (sequential search)","24934"
"11","Linear search (sequential search)","123166"
"11","Linear search (sequential search)","521046"
"11","Linear search (sequential search)","331725"
"11","Linear search (sequential search)","151343"
"11","Linear search (sequential search)","620415"
"11","Linear search (sequential search)","305367"
"11","Linear search (sequential search)","417074"
"11","Linear search (sequential search)","265693"
"11","Liked","-1"
"11","Liked","360402"
"11","Liked","511075"
"11","Liked","446633"
"11","Liked","360664"
"11","Liked","387506"
"12","Software","-1"
"12","Software","372451"
"12","Software","92232"
"12","Parity","-1"
"12","Parity","1417"
"12","Parity","387262"
"12","Parity","503483"
"12","Parity","230549"
"12","Parity","5217"
"12","Parity","145492"
"12","Parity","486484"
"12","Parity","291868"
"12","Parity","261814"
"12","Parity","159648"
"12","Parity","174612"
"12","Parity","8465"
"12","Parity","260008"
"12","Parity","160936"
"12","Image noise","-1"
"12","Image noise","575421"
"12","Image noise","487526"
"12","Image noise","27211"
"12","Image noise","574531"
"12","Image noise","516644"
"12","Image noise","108080"
"12","Image noise","428558"
"12","Image noise","609819"
"12","Image noise","353985"
"12","Image noise","304820"
"12","Image noise","492438"
"12","Image noise","556060"
"12","Scale","-1"
"12","Scale","86185"
"12","Scale","452029"
"12","Scale","196663"
"12","Scale","421132"
"12","Scale","54418"
"12","Scale","265036"
"12","Scale","59317"
"12","Scale","418355"
"12","Scale","152358"
"12","Scale","474736"
"12","Scale","359971"
"12","Liked","-1"
"13","Graphics transform","-1"
"13","Graphics transform","210747"
"13","Graphics transform","114669"
"13","Graphics transform","248764"
"13","Graphics transform","356755"
"13","Graphics transform","45862"
"13","Graphics transform","206465"
"13","Graphics transform","471221"
"13","Graphics transform","4959"
"13","Salt","-1"
"13","Salt","555493"
"13","Salt","437054"
"13","Salt","471952"
"13","Salt","492398"
"13","Salt","202438"
"13","Salt","111385"
"13","Salt","572991"
"13","Salt","200961"
"13","Salt","326988"
"13","Salt","134829"
"13","Salt","117408"
"13","Salt","330324"
"13","Salt","73047"
"13","Check digit","-1"
"13","Check digit","306782"
"13","Check digit","313275"
"13","Check digit","142731"
"13","Check digit","340490"
"13","Check digit","61904"
"13","Check digit","254809"
"13","Check digit","150248"
"13","Check digit","276353"
"13","Check digit","587923"
"13","Check digit","313890"
"13","Check digit","464435"
"13","Check digit","567983"
"13","Complexity","-1"
"13","Complexity","254162"
"13","Complexity","237913"
"13","Complexity","375563"
"13","Complexity","220025"
"13","Liked","-1"
"13","Liked","170697"
"13","Liked","391951"
"13","Liked","578082"
"13","Liked","467400"
"13","Liked","110549"
"14","Hexadecimal colour codes","-1"
"14","Hexadecimal colour codes","199614"
"14","Hexadecimal colour codes","135555"
"14","Hexadecimal colour codes","395607"
"14","Hexadecimal colour codes","309806"
"14","Hexadecimal colour codes","198297"
"14","Hexadecimal colour codes","169591"
"14","Hexadecimal colour codes","538074"
"14","Hexadecimal colour codes","343374"
"14","Hexadecimal colour codes","422848"
"14","Hexadecimal colour codes","82231"
"14","Hexadecimal colour codes","450965"
"14","Hexadecimal colour codes","279905"
"14","Parse tree","-1"
"14","Parse tree","213086"
"14","Parse tree","501870"
"14","Parse tree","136442"
"14","Parse tree","608811"
"14","Parse tree","514637"
"14","Parse tree","599621"
"14","Parse tree","405676"
"14","Parse tree","514179"
"14","Parse tree","587850"
"14","Parse tree","52746"
"14","Parse tree","299391"
"14","Parse tree","102604"
"14","Parse tree","274261"
"14","Parse tree","349369"
"14","Parse tree","267444"
"14","Liked","-1"
"14","Liked","175397"
"14","Liked","411350"
"14","Liked","79916"
"14","Liked","400884"
"14","Liked","462217"
"14","Liked","507772"
"14","Liked","512702"
"15","Liked","-1"
"16","Parse tree","-1"
"16","Parse tree","610943"
"16","Parse tree","342957"
"16","Parse tree","585076"
"16","Parse tree","337022"
"16","Parse tree","232713"
"16","Parse tree","431301"
"16","Parse tree","454107"
"16","Parse tree","37667"
"16","Parse tree","170682"
"16","Parse tree","147341"
"16","Parse tree","456648"
"16","Parse tree","260695"
"16","Parse tree","511568"
"16","Parse tree","126800"
"16","Parse tree","95579"
"16","Time complexity","-1"
"16","Time complexity","237728"
"16","Time complexity","101458"
"16","Time complexity","154551"
"16","Time complexity","176488"
"16","Time complexity","255169"
"16","Time complexity","196736"
"16","Time complexity","586910"
"16","Time complexity","117993"
"16","Time complexity","616814"
"16","Key (in cryptography)","-1"
"16","Key (in cryptography)","254297"
"16","Key (in cryptography)","386085"
"16","Key (in cryptography)","581149"
"16","Key (in cryptography)","195959"
"16","Key (in cryptography)","514737"
"16","Key (in cryptography)","517501"
"16","Liked","-1"
"16","Liked","560499"
"16","Liked","545899"
"17","Data processing","-1"
"17","Data processing","232244"
"17","Data processing","110619"
"17","Data processing","495165"
"17","Data processing","599024"
"17","Data processing","485470"
"17","Data processing","347120"
"17","Data processing","446088"
"17","Data processing","427565"
"17","Data processing","72316"
"17","Data processing","619703"
"17","Data processing","249690"
"17","Liked","-1"
"17","Liked","407886"
"17","Liked","143970"
"17","Liked","314758"
"17","Liked","193678"
"17","Liked","323373"
"17","Liked","553353"
"17","Liked","150454"
"18","Known plaintext attack","-1"
"18","Known plaintext attack","206248"
"18","Known plaintext attack","600963"
"18","Known plaintext attack","309582"
"18","Known plaintext attack","608055"
"18","Known plaintext attack","449476"
"18","Known plaintext attack","284286"
"18","Known plaintext attack","234561"
"18","Liked","-1"
"18","Liked","474142"
"18","Liked","534305"
"18","Liked","331468"
"18","Liked","254588"
"18","Liked","616457"
"18","Liked","183052"
"18","Liked","355319"
"18","Liked","252626"
"18","Liked","593306"
"18","Liked","19503"
"19","Hexadecimal","-1"
"19","Hexadecimal","605444"
"19","Hexadecimal","100706"
"19","Hexadecimal","82553"
"19","Hexadecimal","486318"
"19","Hexadecimal","50842"
"19","Hexadecimal","461117"
"19","Hexadecimal","483671"
"19","Hexadecimal","60313"
"19","Hexadecimal","511598"
"19","Hexadecimal","393778"
"19","Hexadecimal","18563"
"19","Hexadecimal","513504"
"19","Interpreter","-1"
"19","Interpreter","317483"
"19","Interpreter","576875"
"19","Protocol","-1"
"19","Protocol","300205"
"19","Protocol","626445"
"19","Protocol","230867"
"19","Protocol","298713"
"19","Protocol","66"
"19","Protocol","194983"
"19","Protocol","483476"
"19","Protocol","403244"
"19","Protocol","253207"
"19","Protocol","513542"
"19","Protocol","409093"
"19","Protocol","465214"
"19","Protocol","614752"
"19","Protocol","338471"
"19","Protocol","530500"
"19","Lossy","-1"
"19","Lossy","298094"
"19","Lossy","160952"
"19","Lossy","363503"
"19","Lossy","74179"
"19","Lossy","453179"
"19","Lossy","155991"
"19","Lossy","26552"
"19","Lossy","201695"
"19","Lossy","116685"
"19","Graphics transform","-1"
"19","Graphics transform","33382"
"19","Graphics transform","488997"
"19","Graphics transform","393514"
"19","Graphics transform","88466"
"19","Graphics transform","55447"
"19","Graphics transform","23570"
"19","Graphics transform","143313"
"19","Graphics transform","407290"
"19","Graphics transform","264048"
"19","Graphics transform","46947"
"19","Graphics transform","160971"
"19","Graphics transform","221336"
"19","Graphics transform","479004"
"19","Graphics transform","431347"
"19","Liked","-1"
"19","Liked","101984"
"19","Liked","152374"
"19","Liked","42039"
"19","Liked","214527"
"19","Liked","441064"
"19","Liked","60748"
"19","Liked","506636"
"19","Liked","560813"
"20","ASCII","-1"
"20","ASCII","104304"
"20","ASCII","392835"
"20","ASCII","460480"
"20","Liked","-1"
"20","Liked","355989"
"20","Liked","322058"
"20","Liked","79832"
"20","Liked","139594"
"20","Liked","356349"
"21","Asymptotic","-1"
"21","Asymptotic","93085"
"21","Asymptotic","333544"
"21","Asymptotic","522755"
"21","Asymptotic","112419"
"21","Asymptotic","47811"
"21","Asymptotic","191511"
"21","Asymptotic","59324"
"21","Asymptotic","323481"
"21","Asymptotic","30143"
"21","Asymptotic","390150"
"21","Asymptotic","388805"
"21","Asymptotic","616298"
"21","High level language","-1"
"21","High level language","394385"
"21","High level language","468609"
"21","High level language","301372"
"21","High level language","525589"
"21","High level language","420276"
"21","High level language","447872"
"21","High level language","584476"
"21","High level language","453918"
"21","High level language","507068"
"21","High level language","612534"
"21","Syntax","-1"
"21","Syntax","35961"
"21","Syntax","387198"
"21","Syntax","105778"
"21","Byte","-1"
"21","Byte","450730"
"21","Byte","107774"
"21","Byte","256704"
"21","Byte","489117"
"21","Byte","84213"
"21","Byte","600455"
"21","Liked","-1"
"21","Liked","187969"
"21","Liked","336602"
"21","Liked","260791"
"21","Liked","386556"
"21","Liked","411396"
"21","Liked","302861"
"22","Liked","-1"
"23","Selection sort","-1"
"23","Selection sort","158159"
"23","Syntactically correct","-1"
"23","Syntactically correct","32383"
"23","Syntactically correct","201602"
"23","Syntactically correct","314573"
"23","Syntactically correct","163822"
"23","Complement","-1"
"23","Complement","162406"
"23","Complement","426489"
"23","Complement","343967"
"23","Complement","388991"
"23","Complement","1805"
"23","Complement","397738"
"23","Complement","93546"
"23","Pattern matching","-1"
"23","Pattern matching","267780"
"23","Liked","-1"
"23","Liked","620235"
"23","Liked","335236"
"24","Hash function","-1"
"24","Hash function","139434"
"24","Hash function","537723"
"24","Hash function","566556"
"24","Hash function","507945"
"24","Hash function","475568"
"24","Hash function","112086"
"24","Hash function","192295"
"24","Hash function","406011"
"24","Hash function","517690"
"24","Hash function","416383"
"24","Hash function","369443"
"24","Liked","-1"
"24","Liked","150466"
"24","Liked","84581"
"24","Liked","144020"
"24","Liked","290157"
"24","Liked","584097"
"24","Liked","500921"
"25","Byte","-1"
"25","Byte","620745"
"25","Byte","105288"
"25","Byte","350640"
"25","Byte","398727"
"25","Byte","530787"
"25","Byte","90201"
"25","Byte","605936"
"25","Byte","445217"
"25","Byte","579613"
"25","Byte","364989"
"25","Byte","232319"
"25","Byte","451267"
"25","Byte","471607"
"25","Liked","-1"
"25","Liked","55455"
"25","Liked","453502"
"25","Liked","111994"
"25","Liked","59362"
"25","Liked","404414"
"25","Liked","344935"
"25","Liked","464301"
"25","Liked","87671"
"25","Liked","313528"
"25","Liked","265635"
"26","Heuristic","-1"
"26","Heuristic","124534"
"26","Heuristic","531474"
"26","Heuristic","134875"
"26","Heuristic","294212"
"26","Heuristic","436298"
"26","Heuristic","359135"
"26","Heuristic","163188"
"26","Heuristic","411412"
"26","Heuristic","105611"
"26","Heuristic","266675"
"26","Heuristic","476486"
"26","Heuristic","444106"
"26","Heuristic","361431"
"26","Extrapolation","-1"
"26","Extrapolation","207083"
"26","Extrapolation","285642"
"26","Extrapolation","200935"
"26","Extrapolation","103252"
"26","Liked","-1"
"26","Liked","172215"
"26","Liked","231992"
"26","Liked","88709"
"27","Syntax","-1"
"27","Syntax","354685"
"27","Syntax","174438"
"27","Syntax","227285"
"27","Syntax","310759"
"27","Syntax","410055"
"27","Syntax","251769"
"27","Syntax","81405"
"27","Syntax","588149"
"27","Syntax","21164"
"27","Syntax","225059"
"27","Syntax","74693"
"27","Syntax","495022"
"27","Syntax","25441"
"27","Syntax","544253"
"27","Syntax","167394"
"27","Logarithm","-1"
"27","Logarithm","330122"
"27","Logarithm","353665"
"27","Logarithm","84804"
"27","Logarithm","93390"
"27","Logarithm","81639"
"27","Logarithm","547424"
"27","Logarithm","528880"
"27","Logarithm","505829"
"27","Logarithm","596634"
"27","Logarithm","387093"
"27","Logarithm","270414"
"27","Logarithm","469526"
"27","Logarithm","501907"
"27","Logarithm","72649"
"27","Quadratic complexity","-1"
"27","Quadratic complexity","152389"
"27","Quadratic complexity","222218"
"27","Quadratic complexity","101438"
"27","Quadratic complexity","277351"
"27","Quadratic complexity","458539"
"27","Quadratic complexity","34160"
"27","Quadratic complexity","513472"
"27","Quadratic complexity","439826"
"27","Quadratic complexity","353967"
"27","Long tail marketing","-1"
"27","Long tail marketing","584208"
"27","Liked","-1"
"27","Liked","244671"
"27","Liked","229104"
"27","Liked","56118"
"27","Liked","398407"
"27","Liked","500016"
"27","Liked","394826"
"27","Liked","81752"
"28","Dictionary attack","-1"
"28","Dictionary attack","256655"
"28","Dictionary attack","457025"
"28","Dictionary attack","205752"
"28","Dictionary attack","559398"
"28","Dictionary attack","530307"
"28","Dictionary attack","560942"
"28","Cartesian coordinate system","-1"
"28","Cartesian coordinate system","239291"
"28","Cartesian coordinate system","316712"
"28","Cartesian coordinate system","220291"
"28","Cartesian coordinate system","527907"
"28","Cartesian coordinate system","584904"
"28","Cartesian coordinate system","189886"
"28","Cartesian coordinate system","530992"
"28","Cartesian coordinate system","354116"
"28","Cartesian coordinate system","122907"
"28","Cartesian coordinate system","162860"
"28","Usability","-1"
"28","Usability","270022"
"28","Usability","331488"
"28","Usability","10244"
"28","Usability","229300"
"28","Usability","46611"
"28","Usability","498866"
"28","Usability","142938"
"28","Chatterbot","-1"
"28","Chatterbot","560584"
"28","Chatterbot","358500"
"28","Chatterbot","592767"
"28","Chatterbot","475579"
"28","Liked","-1"
"28","Liked","71026"
"28","Liked","595316"
"28","Liked","346531"
"28","Liked","316368"
"28","Liked","568990"
"28","Liked","360323"
"28","Liked","575029"
"29","Complement","-1"
"29","Complement","102035"
"29","MP3","-1"
"29","MP3","271323"
"29","MP3","15183"
"29","MP3","243740"
"29","MP3","408216"
"29","MP3","468388"
"29","MP3","37315"
"29","MP3","607378"
"29","MP3","268992"
"29","Liked","-1"
"29","Liked","235908"
"29","Liked","153429"
"29","Liked","137242"
"29","Liked","204405"
"30","Protocol","-1"
"30","Protocol","88571"
"30","Protocol","442407"
"30","Protocol","514334"
"30","Protocol","81110"
"30","Protocol","63437"
"30","Protocol","460926"
"30","Protocol","622942"
"30","Protocol","345350"
"30","Protocol","542448"
"30","Protocol","333596"
"30","Protocol","131428"
"30","Protocol","405152"
"30","Protocol","512824"
"30","Protocol","57198"
"30","Protocol","460450"
"30","Computer program","-1"
"30","Computer program","552638"
"30","Computer program","275930"
"30","Computer program","387361"
"30","Computer program","354372"
"30","Computer program","599052"
"30","Computer program","494471"
"30","Computer program","621662"
"30","Computer program","21891"
"30","Computer program","518805"
"30","Computer program","499623"
"30","Computer program","196389"
"30","Insertion sort","-1"
"30","Insertion sort","531267"
"30","Insertion sort","557814"
"30","Insertion sort","143368"
"30","Insertion sort","265345"
"30","Insertion sort","481804"
"30","Insertion sort","385301"
"30","Insertion sort","390125"
"30","Insertion sort","227765"
"30","Insertion sort","52677"
"30","Insertion sort","505033"
"30","Insertion sort","529261"
"30","Insertion sort","241717"
"30","Parse tree","-1"
"30","Parse tree","296575"
"30","Parse tree","53453"
"30","Parse tree","13411"
"30","Parse tree","527069"
"30","Parse tree","601081"
"30","Parse tree","114179"
"30","Parse tree","160202"
"30","Parse tree","580499"
"30","Bit","-1"
"30","Bit","34550"
"30","Bit","542777"
"30","Bit","77758"
"30","Bit","104038"
"30","Bit","348507"
"30","Bit","157554"
"30","Bit","261687"
"30","Bit","466356"
"30","Bit","542066"
"30","Bit","378146"
"30","Liked","-1"
"30","Liked","444347"
"30","Liked","135438"
"31","Visual computing","-1"
"31","Visual computing","350011"
"31","Visual computing","545757"
"31","Visual computing","67022"
"31","Visual computing","27935"
"31","Visual computing","511804"
"31","Visual computing","601267"
"31","Bit","-1"
"31","Bit","182073"
"31","Bit","287979"
"31","Bit","627040"
"31","Bit","380159"
"31","Bit","64987"
"31","Bit","466589"
"31","Bit","228447"
"31","Bit","5318"
"31","Bit","401136"
"31","Bit","88087"
"31","Bit","628079"
"31","Bit","181907"
"31","Search","-1"
"31","Search","485960"
"31","Search","172924"
"31","Search","373396"
"31","Search","12667"
"31","Syntax diagram","-1"
"31","Syntax diagram","64806"
"31","Syntax diagram","337305"
"31","Syntax diagram","627532"
"31","Syntax diagram","160544"
"31","Syntax diagram","492354"
"31","Syntax diagram","31926"
"31","Syntax diagram","355554"
"31","Syntax diagram","324940"
"31","Syntax diagram","89546"
"31","Syntax diagram","557442"
"31","Syntax diagram","513060"
"31","Syntax diagram","236807"
"31","Syntax diagram","88817"
"31","Syntax diagram","161465"
"31","Liked","-1"
"31","Liked","294505"
"31","Liked","120819"
"32","Finite state automaton","-1"
"32","Finite state automaton","258457"
"32","Finite state automaton","372185"
"32","Finite state automaton","6447"
"32","Finite state automaton","206888"
"32","Finite state automaton","578309"
"32","Finite state automaton","355230"
"32","Finite state automaton","463813"
"32","Finite state automaton","283707"
"32","Liked","-1"
"33","Feedback","-1"
"33","Feedback","231924"
"33","Feedback","596423"
"33","Feedback","455645"
"33","Feedback","84327"
"33","Feedback","52255"
"33","Feedback","178341"
"33","Feedback","626790"
"33","Feedback","100644"
"33","Feedback","281134"
"33","Pivot","-1"
"33","Pivot","116244"
"33","Pivot","259831"
"33","Pivot","9419"
"33","Pivot","301919"
"33","Pivot","277627"
"33","Pivot","519750"
"33","Pivot","96105"
"33","Pivot","407154"
"33","Pivot","371969"
"33","Pivot","553906"
"33","Pivot","260383"
"33","Pivot","480497"
"33","Liked","-1"
"33","Liked","78204"
"33","Liked","366149"
"33","Liked","468211"
"33","Liked","560277"
"33","Liked","614768"
"33","Liked","345540"
"33","Liked","38851"
"33","Liked","147920"
"33","Liked","76885"
"34","Complement","-1"
"34","Complement","154235"
"34","Complement","546129"
"34","Complement","165971"
"34","Complement","238141"
"34","Complement","97168"
"34","Complement","478363"
"34","Complement","334292"
"34","Complement","71571"
"34","Complement","531235"
"34","Complement","601649"
"34","Complement","24631"
"34","Complement","408402"
"34","Complement","512000"
"34","Complement","354796"
"34","Complement","573876"
"34","Hexadecimal colour codes","-1"
"34","Hexadecimal colour codes","481766"
"34","Hexadecimal colour codes","296771"
"34","Hexadecimal colour codes","437316"
"34","Liked","-1"
"34","Liked","547848"
"34","Liked","595707"
"34","Liked","593306"
"34","Liked","182512"
"34","Liked","19910"
"34","Liked","359287"
"34","Liked","625369"
"34","Liked","522038"
"34","Liked","18875"
"35","Megabyte","-1"
"35","Megabyte","94532"
"35","Megabyte","240871"
"35","Megabyte","134084"
"35","Megabyte","442325"
"35","Megabyte","521420"
"35","Megabyte","274044"
"35","Megabyte","487817"
"35","Megabyte","162093"
"35","Megabyte","384126"
"35","Megabyte","382474"
"35","Megabyte","26784"
"35","Megabyte","412744"
"35","Megabyte","510761"
"35","Megabyte","230024"
"35","Usability heuristic","-1"
"35","Usability heuristic","221828"
"35","Usability heuristic","540205"
"35","Usability heuristic","536552"
"35","Usability heuristic","94765"
"35","Usability heuristic","607146"
"35","Usability heuristic","447641"
"35","Usability heuristic","444805"
"35","Liked","-1"
"35","Liked","612133"
"35","Liked","553413"
"35","Liked","347519"
"35","Liked","184041"
"35","Liked","416429"
"35","Liked","142518"
"35","Liked","102916"
"35","Liked","313811"
"35","Liked","253217"
"36","Binary search","-1"
"36","Binary search","104978"
"36","Binary search","97627"
"36","Binary search","370376"
"36","Binary search","551370"
"36","Binary search","500418"
"36","Binary search","236622"
"36","Check equation","-1"
"36","Check equation","140945"
"36","Check equation","569121"
"36","Check equation","214396"
"36","Check equation","308516"
"36","Check equation","366354"
"36","Check equation","409044"
"36","Check equation","106279"
"36","Check equation","426486"
"36","Check equation","396566"
"36","Check equation","37467"
"36","Usability","-1"
"36","Usability","42043"
"36","Usability","80660"
"36","Usability","518203"
"36","Usability","265038"
"36","Usability","368372"
"36","Usability","419871"
"36","Usability","291907"
"36","Usability","451443"
"36","Usability","160974"
"36","Usability","268743"
"36","Usability","104077"
"36","Usability","166522"
"36","Usability","294004"
"36","Usability","306557"
"36","Usability","138496"
"36","Liked","-1"
"36","Liked","120388"
"36","Liked","71393"
"37","Known plaintext attack","-1"
"37","Known plaintext attack","123933"
"37","Known plaintext attack","211281"
"37","Known plaintext attack","136992"
"37","Known plaintext attack","5780"
"37","Known plaintext attack","583764"
"37","Known plaintext attack","588037"
"37","Known plaintext attack","399909"
"37","Known plaintext attack","285158"
"37","Known plaintext attack","357231"
"37","Known plaintext attack","387622"
"37","Known plaintext attack","34354"
"37","Known plaintext attack","401132"
"37","Known plaintext attack","283491"
"37","Error detection","-1"
"37","Error detection","70830"
"37","Error detection","621918"
"37","Error detection","500028"
"37","Error detection","45102"
"37","Error detection","344576"
"37","Error detection","228963"
"37","Error detection","317935"
"37","Error detection","332374"
"37","Error detection","111660"
"37","Error detection","402486"
"37","Error detection","41484"
"37","Error detection","16279"
"37","Liked","-1"
"37","Liked","123120"
"38","Cipher","-1"
"38","Cipher","277003"
"38","Cipher","382647"
"38","Cipher","306995"
"38","Cipher","96961"
"38","Cipher","583535"
"38","Liked","-1"
"38","Liked","618076"
"38","Liked","168424"
"38","Liked","29323"
"38","Liked","53911"
"39","Character","-1"
"39","Character","173873"
"39","Character","515979"
"39","Character","495712"
"39","Character","165533"
"39","Character","543703"
"39","Character","219731"
"39","Character","118286"
"39","Character","579184"
"39","Character","398591"
"39","Character","278354"
"39","Software","-1"
"39","Software","521616"
"39","Software","289148"
"39","Software","244925"
"39","Software","18825"
"39","Software","423229"
"39","Software","193631"
"39","Software","450063"
"39","Software","214642"
"39","Interpolation","-1"
"39","Interpolation","431218"
"39","Interpolation","137331"
"39","Interpolation","513351"
"39","Interpolation","153823"
"39","Interpolation","389717"
"39","Interpolation","362091"
"39","Interpolation","409958"
"39","Interpolation","260634"
"39","Interpolation","187472"
"39","Task","-1"
"39","Task","495310"
"39","Task","46370"
"39","Task","53385"
"39","Task","220507"
"39","Image segmentation","-1"
"39","Image segmentation","465014"
"39","Image segmentation","15149"
"39","Image segmentation","478175"
"39","Image segmentation","46832"
"39","Image segmentation","353655"
"39","Image segmentation","72169"
"39","Image segmentation","300630"
"39","Image segmentation","35092"
"39","Image segmentation","59597"
"39","Image segmentation","500484"
"39","Image segmentation","30845"
"39","Image segmentation","221822"
"39","Image segmentation","184841"
"39","Liked","-1"
"39","Liked","234454"
"39","Liked","409565"
"40","Linear complexity","-1"
"40","Linear complexity","492092"
"40","Linear complexity","128583"
"40","Linear complexity","504845"
"40","Linear complexity","302297"
"40","Linear complexity","436624"
"40","Linear complexity","569846"
"40","Linear complexity","137969"
"40","Linear complexity","456076"
"40","Linear complexity","509823"
"40","Linear complexity","244676"
"40","Linear complexity","426208"
"40","Linear complexity","153799"
"40","Protocol","-1"
"40","Protocol","23146"
"40","Protocol","110331"
"40","Protocol","26151"
"40","Protocol","492492"
"40","Protocol","358066"
"40","Protocol","474681"
"40","Protocol","175778"
"40","Protocol","121226"
"40","Protocol","335037"
"40","Protocol","42474"
"40","Lossy","-1"
"40","Lossy","616860"
"40","Lossy","427453"
"40","Lossy","290234"
"40","Lossy","483745"
"40","Lossy","289698"
"40","Liked","-1"
"40","Liked","239567"
"41","Liked","-1"
"42","Liked","-1"
"43","Liked","-1"
"44","Logarithm","-1"
"44","Logarithm","595575"
"44","Logarithm","239974"
"44","Logarithm","312278"
"44","Logarithm","84598"
"44","Logarithm","277181"
"44","Logarithm","89134"
"44","Logarithm","182029"
"44","Logarithm","400771"
"44","Unicode","-1"
"44","Unicode","599445"
"44","Unicode","229564"
"44","Unicode","111654"
"44","Unicode","67770"
"44","Unicode","516152"
"44","Unicode","190878"
"44","Unicode","187976"
"44","Unicode","208572"
"44","Unicode","591018"
"44","Unicode","596189"
"44","Lossy","-1"
"44","Lossy","438166"
"44","Lossy","441332"
"44","Lossy","347583"
"44","Lossy","377927"
"44","Lossy","86996"
"44","Lossy","500782"
"44","Liked","-1"
"44","Liked","43220"
"44","Liked","231748"
"45","Data point","-1"
"45","Data point","581792"
"45","Data point","530235"
"45","Data point","281805"
"45","Data point","503435"
"45","Data point","355738"
"45","Data point","382071"
"45","Data point","396998"
"45","Data point","133769"
"45","Data point","137909"
"45","Data point","146066"
"45","Data point","304069"
"45","Data point","160051"
"45","Hexadecimal colour codes","-1"
"45","Hexadecimal colour codes","207596"
"45","Hexadecimal colour codes","196844"
"45","Hexadecimal colour codes","530377"
"45","Hexadecimal colour codes","317149"
"45","Hexadecimal colour codes","518187"
"45","Hexadecimal colour codes","394221"
"45","Hexadecimal colour codes","122003"
"45","Hexadecimal colour codes","533727"
"45","Hexadecimal colour codes","85326"
"45","Hexadecimal colour codes","609134"
"45","Hexadecimal colour codes","137320"
"45","Hexadecimal colour codes","340424"
"45","Hexadecimal colour codes","499646"
"45","Problem domain","-1"
"45","Problem domain","86629"
"45","Problem domain","141679"
"45","Problem domain","42229"
"45","Problem domain","527273"
"45","Problem domain","16539"
"45","Problem domain","599983"
"45","Processor","-1"
"45","Processor","69896"
"45","Processor","43913"
"45","Processor","594161"
"45","Processor","368700"
"45","Processor","539298"
"45","Processor","467803"
"45","Processor","227495"
"45","Processor","522419"
"45","Processor","573127"
"45","Processor","185279"
"45","Processor","607724"
"45","Processor","464425"
"45","Processor","103575"
"45","Processor","546151"
"45","Processor","412743"
"45","Computer vision","-1"
"45","Computer vision","275335"
"45","Computer vision","402832"
"45","Liked","-1"
"45","Liked","538532"
"45","Liked","337977"
"45","Liked","53545"
"45","Liked","579815"
"45","Liked","226016"
"45","Liked","211555"
"46","Hexadecimal","-1"
"46","Hexadecimal","122981"
"46","Hexadecimal","479112"
"46","Hexadecimal","253461"
"46","Hexadecimal","381573"
"46","Hexadecimal","59171"
"46","Hexadecimal","484501"
"46","Hexadecimal","275685"
"46","Hexadecimal","550241"
"46","Hexadecimal","307166"
"46","Hexadecimal","618970"
"46","Processor","-1"
"46","Processor","310955"
"46","Processor","564069"
"46","Processor","158105"
"46","Processor","72147"
"46","Processor","610629"
"46","Processor","435337"
"46","Processor","269543"
"46","Processor","217379"
"46","Processor","106383"
"46","Byte","-1"
"46","Byte","73959"
"46","Byte","107255"
"46","Byte","82893"
"46","Byte","435835"
"46","Byte","597514"
"46","Byte","48148"
"46","Byte","420352"
"46","Byte","76456"
"46","Byte","185199"
"46","Liked","-1"
"47","Digital signature","-1"
"47","Digital signature","155740"
"47","Digital signature","365797"
"47","Digital signature","542225"
"47","Digital signature","488059"
"47","Digital signature","102240"
"47","Digital signature","245210"
"47","Digital signature","71977"
"47","Digital signature","125944"
"47","Digital signature","539390"
"47","Digital signature","17247"
"47","Digital signature","311589"
"47","Digital signature","33252"
"47","Digital signature","504928"
"47","Image noise","-1"
"47","Image noise","397709"
"47","Image noise","76818"
"47","Problem domain","-1"
"47","Problem domain","25156"
"47","Problem domain","573555"
"47","Problem domain","247791"
"47","Problem domain","77935"
"47","Problem domain","79980"
"47","Problem domain","320513"
"47","User Experience (UX)","-1"
"47","User Experience (UX)","100614"
"47","User Experience (UX)","463865"
"47","User Experience (UX)","455436"
"47","User Experience (UX)","236090"
"47","User Experience (UX)","463674"
"47","User Experience (UX)","172172"
"47","User Experience (UX)","566383"
"47","Decrypt","-1"
"47","Decrypt","599270"
"47","Decrypt","474171"
"47","Decrypt","343376"
"47","Liked","-1"
"47","Liked","98682"
"47","Liked","414537"
"47","Liked","15018"
"47","Liked","172126"
"47","Liked","589824"
"47","Liked","446172"
"47","Liked","185660"
"47","Liked","203547"
"47","Liked","591895"
"47","Liked","488245"
"48","Plaintext","-1"
"48","Plaintext","165699"
"48","Plaintext","200609"
"48","Plaintext","438765"
"48","Plaintext","85378"
"48","Plaintext","440598"
"48","Time complexity","-1"
"48","Time complexity","137678"
"48","Time complexity","353750"
"48","Time complexity","58219"
"48","Time complexity","446876"
"48","Time complexity","35127"
"48","Time complexity","401134"
"48","Liked","-1"
"48","Liked","415879"
"48","Liked","44894"
"49","Binary search","-1"
"49","Binary search","506621"
"49","Binary search","472830"
"49","Binary search","49082"
"49","Binary search","42683"
"49","Binary search","378263"
"49","Binary search","8829"
"49","Binary search","69960"
"49","Binary search","587759"
"49","Binary search","337157"
"49","Binary search","504668"
"49","Processor","-1"
"49","Processor","628170"
"49","Processor","326931"
"49","Processor","118088"
"49","Processor","218580"
"49","Processor","270891"
"49","Processor","72756"
"49","Processor","109055"
"49","Processor","93171"
"49","Processor","362479"
"49","Processor","537833"
"49","Processor","533400"
"49","Processor","5600"
"49","Processor","524587"
"49","Processor","402733"
"49","Processor","205182"
"49","Translation","-1"
"49","Translation","216897"
"49","Translation","266608"
"49","Dictionary attack","-1"
"49","Dictionary attack","89915"
"49","Dictionary attack","319028"
"49","Dictionary attack","104982"
"49","Dictionary attack","227394"
"49","Dictionary attack","611822"
"49","Dictionary attack","118863"
"49","Liked","-1"
"49","Liked","516600"
"49","Liked","617823"
"49","Liked","609262"
"49","Liked","499600"
"49","Liked","44195"
"49","Liked","79490"
"50","Packet","-1"
"50","Packet","495913"
"50","Packet","473423"
"50","Packet","487954"
"50","Packet","339137"
"50","Packet","104775"
"50","Packet","539972"
"50","Packet","16430"
"50","Packet","34928"
"50","Packet","26480"
"50","Logarithm","-1"
"50","Logarithm","432588"
"50","Logarithm","222085"
"50","Logarithm","264690"
"50","Logarithm","351733"
"50","Logarithm","310763"
"50","Logarithm","421693"
"50","Logarithm","335240"
"50","User","-1"
"50","User","113265"
"50","User","250389"
"50","User","568808"
"50","User","612901"
"50","User","469460"
"50","User","268764"
"50","User","606028"
"50","User","629125"
"50","User","277594"
"50","User","116358"
"50","User","241715"
"50","User","131181"
"50","User","434092"
"50","User","581674"
"50","Liked","-1"
"50","Liked","335838"
"50","Liked","440765"
"51","Compression","-1"
"51","Compression","187209"
"51","Compression","562387"
"51","Compression","620862"
"51","Compression","28612"
"51","Compression","55820"
"51","Octal","-1"
"51","Octal","280416"
"51","Octal","58021"
"51","Octal","132885"
"51","Octal","278584"
"51","Octal","334006"
"51","Octal","12912"
"51","Octal","528937"
"51","Octal","192502"
"51","Octal","76189"
"51","Octal","249888"
"51","Octal","145136"
"51","Octal","371827"
"51","Octal","231636"
"51","Octal","457145"
"51","Octal","571969"
"51","Alphabet","-1"
"51","Alphabet","426506"
"51","Bug","-1"
"51","Bug","204138"
"51","Bug","424524"
"51","Bug","188468"
"51","Bug","214651"
"51","Bug","531385"
"51","Liked","-1"
"52","Association Rule Learning","-1"
"52","Association Rule Learning","421202"
"52","Association Rule Learning","120497"
"52","Association Rule Learning","266784"
"52","Association Rule Learning","55199"
"52","Association Rule Learning","56328"
"52","Association Rule Learning","623210"
"52","Association Rule Learning","78709"
"52","Association Rule Learning","370675"
"52","Association Rule Learning","244420"
"52","Liked","-1"
"52","Liked","225666"
"52","Liked","442452"
"52","Liked","109728"
"52","Liked","227956"
"52","Liked","379769"
"52","Liked","54806"
"53","Liked","-1"
"54","Key (in cryptography)","-1"
"54","Key (in cryptography)","585068"
"54","Key (in cryptography)","620841"
"54","Key (in cryptography)","424875"
"54","Key (in cryptography)","167952"
"54","Key (in cryptography)","610752"
"54","Key (in cryptography)","59"
"54","Key (in cryptography)","592534"
"54","Key (in cryptography)","305674"
"54","Key (in cryptography)","62122"
"54","Key (in cryptography)","16928"
"54","Liked","-1"
"54","Liked","166879"
"54","Liked","67140"
"54","Liked","377094"
"54","Liked","6182"
"54","Liked","450184"
"54","Liked","435643"
"54","Liked","164839"
"54","Liked","215219"
"54","Liked","394615"
"54","Liked","404967"
"55","Quicksort","-1"
"55","Quicksort","226164"
"55","Quicksort","222550"
"55","Quicksort","338080"
"55","Quicksort","177215"
"55","Algorithm analysis","-1"
"55","Algorithm analysis","267366"
"55","Algorithm analysis","511516"
"55","Algorithm analysis","354198"
"55","Grammar","-1"
"55","Grammar","90210"
"55","Grammar","221427"
"55","Grammar","212763"
"55","Grammar","542914"
"55","Grammar","49573"
"55","Grammar","612658"
"55","Grammar","442962"
"55","Grammar","326433"
"55","Grammar","202416"
"55","Liked","-1"
"55","Liked","537124"
"55","Liked","141535"
"55","Liked","544474"
"55","Liked","304979"
"56","Pivot","-1"
"56","Pivot","502183"
"56","Pivot","502364"
"56","Pivot","442603"
"56","Pivot","565419"
"56","Pivot","28738"
"56","Pivot","470139"
"56","Pivot","277256"
"56","Pivot","369144"
"56","Pivot","281300"
"56","Pivot","182469"
"56","Nibble","-1"
"56","Nibble","404371"
"56","Nibble","84781"
"56","Nibble","374203"
"56","Nibble","129385"
"56","Nibble","306429"
"56","Nibble","132727"
"56","Salt","-1"
"56","Salt","152731"
"56","Grammar","-1"
"56","Grammar","75099"
"56","Liked","-1"
"56","Liked","195838"
"56","Liked","354865"
"56","Liked","366274"
"56","Liked","333243"
"56","Liked","455994"
"57","Encryption","-1"
"57","Encryption","62026"
"57","Encryption","330258"
"57","Encryption","425201"
"57","Encryption","264988"
"57","Encryption","410450"
"57","Encryption","586541"
"57","Encryption","324476"
"57","Convention","-1"
"57","Convention","350120"
"57","Convention","283419"
"57","Convention","554161"
"57","Convention","41872"
"57","Convention","171557"
"57","Convention","112732"
"57","Convention","326379"
"57","Convention","424381"
"57","Convention","530757"
"57","Convention","391861"
"57","Syntax diagram","-1"
"57","Syntax diagram","376997"
"57","Syntax diagram","208747"
"57","Syntax diagram","116001"
"57","Syntax diagram","136082"
"57","Syntax diagram","546525"
"57","Syntax diagram","611562"
"57","Syntax diagram","145186"
"57","Syntax diagram","428507"
"57","Syntax diagram","418776"
"57","Syntax diagram","370000"
"57","Syntax diagram","190746"
"57","Syntax diagram","274842"
"57","Syntax diagram","73669"
"57","Syntax diagram","250793"
"57","Syntax diagram","418754"
"57","Digital signature","-1"
"57","Digital signature","226200"
"57","Digital signature","363609"
"57","Digital signature","271926"
"57","Digital signature","37615"
"57","Digital signature","22407"
"57","Digital signature","237245"
"57","Digital signature","128437"
"57","Digital signature","427284"
"57","Digital signature","54809"
"57","Digital signature","108197"
"57","Digital signature","262798"
"57","Digital signature","564204"
"57","Digital signature","88510"
"57","Bozo search","-1"
"57","Bozo search","531385"
"57","Liked","-1"
"58","Linear complexity","-1"
"58","Linear complexity","457076"
"58","Linear complexity","362853"
"58","Linear complexity","27648"
"58","Linear complexity","314296"
"58","Linear complexity","520957"
"58","Linear complexity","7686"
"58","Linear complexity","522717"
"58","Linear complexity","32383"
"58","Linear complexity","92912"
"58","Linear complexity","507912"
"58","Linear complexity","519439"
"58","Linear complexity","274073"
"58","Linear complexity","54033"
"58","Linear complexity","570379"
"58","Brute force attack","-1"
"58","Brute force attack","476619"
"58","Brute force attack","178414"
"58","Brute force attack","351824"
"58","Brute force attack","52396"
"58","Brute force attack","371917"
"58","Brute force attack","244042"
"58","Brute force attack","25448"
"58","Brute force attack","239176"
"58","Brute force attack","212744"
"58","Brute force attack","577469"
"58","Brute force attack","509949"
"58","Brute force attack","468591"
"58","Brute force attack","457770"
"58","Liked","-1"
"58","Liked","428259"
"58","Liked","153329"
"58","Liked","295916"
"59","High level language","-1"
"59","High level language","29923"
"59","High level language","374655"
"59","High level language","496457"
"59","High level language","401249"
"59","High level language","181911"
"59","High level language","295225"
"59","High level language","467727"
"59","High level language","303496"
"59","High level language","178375"
"59","High level language","452650"
"59","High level language","123394"
"59","High level language","238117"
"59","High level language","628673"
"59","High level language","146262"
"59","Bit","-1"
"59","Bit","330209"
"59","Bit","195951"
"59","Bit","239577"
"59","Bit","360535"
"59","Bit","187993"
"59","Bit","165013"
"59","Bit","422130"
"59","Bit","123693"
"59","Bit","308013"
"59","Bit","158466"
"59","Bit","197396"
"59","Plaintext","-1"
"59","Plaintext","390519"
"59","Plaintext","331767"
"59","Plaintext","628566"
"59","Plaintext","459065"
"59","Plaintext","287507"
"59","Plaintext","496302"
"59","Plaintext","168943"
"59","Plaintext","376789"
"59","Plaintext","477174"
"59","Plaintext","583899"
"59","Plaintext","107888"
"59","Plaintext","62809"
"59","Plaintext","109671"
"59","Plaintext","167484"
"59","Big O notation","-1"
"59","Big O notation","40544"
"59","Big O notation","506180"
"59","Big O notation","204576"
"59","Big O notation","433667"
"59","Big O notation","421395"
"59","Big O notation","375426"
"59","Big O notation","95277"
"59","Big O notation","68357"
"59","Big O notation","319746"
"59","Big O notation","62714"
"59","Liked","-1"
"59","Liked","448733"
"59","Liked","52411"
"59","Liked","545467"
"59","Liked","377824"
"59","Liked","480670"
"59","Liked","196767"
"59","Liked","614160"
"60","Redundant bits","-1"
"60","Redundant bits","280528"
"60","Redundant bits","537934"
"60","Redundant bits","206672"
"60","Redundant bits","347822"
"60","Redundant bits","341457"
"60","Redundant bits","139232"
"60","Redundant bits","19331"
"60","Redundant bits","244812"
"60","Redundant bits","182921"
"60","Redundant bits","235197"
"60","Redundant bits","251322"
"60","Redundant bits","292607"
"60","Redundant bits","201956"
"60","Language","-1"
"60","Language","50431"
"60","Language","276408"
"60","Language","235467"
"60","Language","588213"
"60","Language","513239"
"60","Language","340894"
"60","Language","100366"
"60","Language","557941"
"60","Language","438293"
"60","Language","123966"
"60","Language","207573"
"60","Language","490222"
"60","Language","228135"
"60","Language","614681"
"60","Decimal number system (Denary number system)","-1"
"60","Decimal number system (Denary number system)","515275"
"60","Decimal number system (Denary number system)","139711"
"60","Decimal number system (Denary number system)","123532"
"60","Algorithm complexity","-1"
"60","Algorithm complexity","268158"
"60","Algorithm complexity","176471"
"60","Algorithm complexity","330234"
"60","Algorithm complexity","56780"
"60","Algorithm complexity","118085"
"60","Algorithm complexity","557534"
"60","Algorithm complexity","400324"
"60","Algorithm complexity","530737"
"60","Algorithm complexity","115668"
"60","Liked","-1"
"60","Liked","535641"
"60","Liked","289844"
"60","Liked","410041"
"60","Liked","44163"
"60","Liked","286321"
"60","Liked","427802"
"60","Liked","483963"
"60","Liked","305280"
"61","Interface","-1"
"61","Interface","487208"
"61","PNG","-1"
"61","PNG","156470"
"61","PNG","102127"
"61","PNG","503402"
"61","Algorithm analysis","-1"
"61","Algorithm analysis","115778"
"61","Algorithm analysis","469137"
"61","Algorithm analysis","251813"
"61","Algorithm analysis","284788"
"61","Algorithm analysis","175110"
"61","Algorithm analysis","98825"
"61","Algorithm analysis","575019"
"61","Algorithm analysis","101582"
"61","Algorithm analysis","269299"
"61","Algorithm analysis","446317"
"61","Algorithm analysis","22761"
"61","Algorithm analysis","568487"
"61","Algorithm analysis","524615"
"61","Algorithm analysis","463133"
"61","Algorithm analysis","627239"
"61","Key (in algorithms)","-1"
"61","Key (in algorithms)","506239"
"61","Key (in algorithms)","231829"
"61","Key (in algorithms)","71402"
"61","Key (in algorithms)","440716"
"61","Key (in algorithms)","543289"
"61","Key (in algorithms)","546965"
"61","Liked","-1"
"61","Liked","614563"
"61","Liked","499899"
"61","Liked","95890"
"61","Liked","114429"
"61","Liked","511362"
"61","Liked","597122"
"61","Liked","19638"
"61","Liked","555942"
"62","Hash function","-1"
"62","Hash function","58823"
"62","Hash function","92777"
"62","Hash function","108667"
"62","Hash function","510305"
"62","Liked","-1"
"62","Liked","499983"
"62","Liked","37791"
"62","Liked","359383"
"62","Liked","51717"
"62","Liked","219749"
"62","Liked","494083"
"62","Liked","243009"
"63","Liked","-1"
"64","Salt","-1"
"64","Salt","627871"
"64","Salt","27497"
"64","Salt","540413"
"64","Salt","356296"
"64","Known plaintext attack","-1"
"64","Known plaintext attack","192646"
"64","Known plaintext attack","270256"
"64","Known plaintext attack","257993"
"64","Stakeholder","-1"
"64","Stakeholder","134878"
"64","Stakeholder","603055"
"64","Liked","-1"
"64","Liked","256500"
"64","Liked","316969"
"64","Liked","334120"
"64","Liked","115864"
"64","Liked","555780"
"64","Liked","350863"
"64","Liked","248977"
"64","Liked","336937"
"64","Liked","428968"
"64","Liked","343903"
"65","Liked","-1"
"66","Task","-1"
"66","Task","392634"
"66","Task","199496"
"66","Task","426038"
"66","Task","382829"
"66","Task","427101"
"66","Task","304233"
"66","Task","646"
"66","Task","312690"
"66","Task","34876"
"66","Task","61393"
"66","Task","456616"
"66","Task","493502"
"66","Algorithm analysis","-1"
"66","Algorithm analysis","372635"
"66","Algorithm analysis","181421"
"66","Algorithm analysis","183563"
"66","Algorithm analysis","212341"
"66","Algorithm analysis","626533"
"66","Algorithm analysis","582860"
"66","Interpreter","-1"
"66","Interpreter","136971"
"66","Interpreter","395767"
"66","Interpreter","211078"
"66","Interpreter","628996"
"66","Interpreter","261930"
"66","Interpreter","263489"
"66","Interpreter","31347"
"66","Interpreter","431576"
"66","Interpreter","428720"
"66","Interpreter","487709"
"66","Interpreter","470765"
"66","Interpreter","7488"
"66","Liked","-1"
"67","ASCII","-1"
"67","ASCII","310005"
"67","ASCII","227650"
"67","ASCII","224814"
"67","ASCII","95654"
"67","ASCII","34336"
"67","ASCII","139075"
"67","ASCII","113125"
"67","ASCII","51032"
"67","ASCII","115547"
"67","Liked","-1"
"67","Liked","214226"
"68","Problem domain","-1"
"68","Problem domain","181665"
"68","Problem domain","91686"
"68","Problem domain","24806"
"68","Problem domain","608517"
"68","Problem domain","341954"
"68","Problem domain","359359"
"68","Problem domain","587008"
"68","Problem domain","286726"
"68","Extrapolation","-1"
"68","Extrapolation","213558"
"68","Extrapolation","62251"
"68","Extrapolation","337102"
"68","Extrapolation","253769"
"68","Extrapolation","112673"
"68","Chatterbot","-1"
"68","Chatterbot","45441"
"68","Chatterbot","69433"
"68","Chatterbot","467149"
"68","Chatterbot","241032"
"68","Chatterbot","493496"
"68","Known plaintext attack","-1"
"68","Known plaintext attack","240989"
"68","Known plaintext attack","216560"
"68","Known plaintext attack","326416"
"68","Known plaintext attack","194602"
"68","Known plaintext attack","345086"
"68","Known plaintext attack","354044"
"68","Known plaintext attack","224775"
"68","Known plaintext attack","564193"
"68","Known plaintext attack","229940"
"68","Known plaintext attack","501897"
"68","Liked","-1"
"68","Liked","373761"
"68","Liked","10898"
"68","Liked","109367"
"68","Liked","309570"
"68","Liked","462297"
"68","Liked","519929"
"69","Plaintext","-1"
"69","Plaintext","100345"
"69","Plaintext","253953"
"69","Plaintext","350537"
"69","Plaintext","375608"
"69","Plaintext","520879"
"69","Plaintext","227827"
"69","Plaintext","127469"
"69","Plaintext","572302"
"69","Plaintext","538741"
"69","Plaintext","294054"
"69","Liked","-1"
"69","Liked","618659"
"69","Liked","360404"
"69","Liked","496821"
"69","Liked","287191"
"70","Slope","-1"
"70","Slope","439496"
"70","Slope","513108"
"70","Slope","409656"
"70","Slope","506994"
"70","Slope","601050"
"70","Pixel","-1"
"70","Pixel","33825"
"70","Pixel","564573"
"70","Pixel","286197"
"70","Pixel","315035"
"70","Pixel","279721"
"70","Pixel","556302"
"70","Pixel","512391"
"70","Pixel","354605"
"70","Pixel","285220"
"70","Pixel","13970"
"70","Pixel","95038"
"70","Pixel","55268"
"70","Pixel","237639"
"70","Pixel","337495"
"70","Pixel","514851"
"70","Grammar","-1"
"70","Grammar","46072"
"70","Grammar","365076"
"70","Grammar","127922"
"70","Grammar","184480"
"70","Grammar","484838"
"70","Grammar","171205"
"70","Grammar","406935"
"70","Grammar","504514"
"70","Grammar","412450"
"70","Grammar","77440"
"70","Grammar","108881"
"70","Grammar","241616"
"70","Brute force attack","-1"
"70","Brute force attack","69728"
"70","Brute force attack","297782"
"70","Brute force attack","20683"
"70","Brute force attack","117079"
"70","Key (in algorithms)","-1"
"70","Key (in algorithms)","311013"
"70","Key (in algorithms)","465154"
"70","Key (in algorithms)","559986"
"70","Liked","-1"
"70","Liked","282736"
"70","Liked","286724"
"70","Liked","503457"
"70","Liked","303922"
"70","Liked","522966"
"71","Selection sort","-1"
"71","Selection sort","343143"
"71","Selection sort","2053"
"71","Selection sort","421860"
"71","Selection sort","513163"
"71","Selection sort","67425"
"71","Syntax diagram","-1"
"71","Syntax diagram","345832"
"71","Syntax diagram","409088"
"71","Syntax diagram","125041"
"71","Syntax diagram","478167"
"71","Syntax diagram","545955"
"71","Syntax diagram","426206"
"71","Syntax diagram","452588"
"71","Syntax diagram","326091"
"71","Linear complexity","-1"
"71","Linear complexity","251323"
"71","Linear complexity","618672"
"71","Linear complexity","435782"
"71","Linear complexity","395215"
"71","Linear complexity","536843"
"71","Linear complexity","510169"
"71","Linear complexity","352823"
"71","Linear complexity","271383"
"71","Linear complexity","502525"
"71","Linear complexity","193986"
"71","Linear complexity","383391"
"71","Linear complexity","231056"
"71","Linear complexity","82907"
"71","Rotation","-1"
"71","Rotation","574770"
"71","Rotation","383851"
"71","Rotation","182623"
"71","Rotation","488112"
"71","Rotation","903"
"71","Rotation","157395"
"71","Rotation","396939"
"71","Rotation","447939"
"71","Rotation","49534"
"71","Rotation","293270"
"71","Rotation","426771"
"71","Rotation","31796"
"71","Rotation","397920"
"71","Chomsky hierarchy","-1"
"71","Chomsky hierarchy","8935"
"71","Chomsky hierarchy","44883"
"71","Chomsky hierarchy","347616"
"71","Chomsky hierarchy","398380"
"71","Chomsky hierarchy","98915"
"71","Chomsky hierarchy","532517"
"71","Chomsky hierarchy","217239"
"71","Chomsky hierarchy","221547"
"71","Chomsky hierarchy","737"
"71","Chomsky hierarchy","492809"
"71","Chomsky hierarchy","579740"
"71","Chomsky hierarchy","182418"
"71","Chomsky hierarchy","8980"
"71","Chomsky hierarchy","512839"
"71","Chomsky hierarchy","408014"
"71","Liked","-1"
"71","Liked","30927"
"71","Liked","3259"
"71","Liked","387926"
"71","Liked","435560"
"71","Liked","50330"
"71","Liked","29613"
"71","Liked","26483"
"71","Liked","16805"
"71","Liked","12550"
"71","Liked","183590"
"72","Linear complexity","-1"
"72","Linear complexity","425183"
"72","Linear complexity","347585"
"72","Linear complexity","1235"
"72","Linear complexity","201350"
"72","Linear complexity","246181"
"72","Linear complexity","231125"
"72","Linear complexity","522185"
"72","Linear complexity","464409"
"72","Aesthetics","-1"
"72","Aesthetics","442906"
"72","Aesthetics","482250"
"72","Aesthetics","207820"
"72","Aesthetics","293202"
"72","Aesthetics","267044"
"72","Aesthetics","225136"
"72","Aesthetics","589583"
"72","Aesthetics","218505"
"72","Aesthetics","141558"
"72","Aesthetics","207533"
"72","Aesthetics","473957"
"72","Aesthetics","610076"
"72","Formal language","-1"
"72","Formal language","331225"
"72","Formal language","473402"
"72","Formal language","131406"
"72","Formal language","137535"
"72","ALC","-1"
"72","ALC","76610"
"72","ALC","351158"
"72","ALC","9373"
"72","ALC","530417"
"72","ALC","468655"
"72","ALC","51308"
"72","ALC","606415"
"72","ALC","403688"
"72","ALC","472860"
"72","ALC","82108"
"72","ALC","200915"
"72","ALC","443854"
"72","ALC","611288"
"72","Alphabet","-1"
"72","Alphabet","261127"
"72","Alphabet","53586"
"72","Alphabet","227796"
"72","Alphabet","426302"
"72","Alphabet","399620"
"72","Alphabet","419749"
"72","Alphabet","135024"
"72","Alphabet","532474"
"72","Alphabet","586498"
"72","Alphabet","616503"
"72","Alphabet","373821"
"72","Alphabet","438754"
"72","Alphabet","370224"
"72","Alphabet","427369"
"72","Alphabet","48733"
"72","Liked","-1"
"72","Liked","619661"
"72","Liked","231544"
"72","Liked","583740"
"72","Liked","224677"
"72","Liked","157431"
"72","Liked","92908"
"72","Liked","415037"
"73","Binary search","-1"
"73","Binary search","229404"
"73","Binary search","432115"
"73","Binary search","611502"
"73","Binary search","530868"
"73","Binary search","452896"
"73","Binary search","117679"
"73","Binary search","368561"
"73","Binary search","372113"
"73","Liked","-1"
"73","Liked","332076"
"73","Liked","560605"
"73","Liked","86088"
"74","Liked","-1"
"75","Check digit","-1"
"75","Check digit","384123"
"75","Check digit","479760"
"75","Check digit","191031"
"75","Check digit","91289"
"75","Check digit","83915"
"75","Check digit","614723"
"75","Check digit","538192"
"75","Check digit","557698"
"75","Check digit","289981"
"75","Check digit","381499"
"75","Check digit","1122"
"75","Check digit","589105"
"75","Check digit","503714"
"75","Octal","-1"
"75","Octal","400713"
"75","Octal","220178"
"75","Octal","343379"
"75","Octal","615814"
"75","String","-1"
"75","String","80252"
"75","String","149413"
"75","String","157805"
"75","String","127854"
"75","String","191218"
"75","String","371814"
"75","String","230171"
"75","Encryption key","-1"
"75","Encryption key","621201"
"75","Encryption key","196346"
"75","Encryption key","358503"
"75","Encryption key","169166"
"75","Encryption key","488711"
"75","Language","-1"
"75","Language","528901"
"75","Language","15059"
"75","Language","210590"
"75","Language","149135"
"75","Liked","-1"
"75","Liked","32332"
"75","Liked","277143"
"75","Liked","334116"
"75","Liked","252633"
"76","Compression","-1"
"76","Compression","485811"
"76","Compression","408444"
"76","Compression","287765"
"76","Compression","74289"
"76","Compression","556649"
"76","Compression","402175"
"76","Compression","139440"
"76","Compression","358035"
"76","Compression","403524"
"76","Compression","461904"
"76","Compression","248321"
"76","Asymptotic","-1"
"76","Asymptotic","191437"
"76","Asymptotic","117601"
"76","Asymptotic","72171"
"76","Asymptotic","374512"
"76","Asymptotic","199093"
"76","Asymptotic","190939"
"76","Liked","-1"
"76","Liked","253828"
"77","Software","-1"
"77","Software","170665"
"77","Software","20485"
"77","Software","308359"
"77","Software","475121"
"77","Software","382580"
"77","Software","582855"
"77","Software","248411"
"77","Software","17655"
"77","Software","393329"
"77","Software","334132"
"77","Software","490475"
"77","Computer vision","-1"
"77","Computer vision","207309"
"77","Computer vision","156409"
"77","Computer vision","7318"
"77","Computer vision","331337"
"77","Computer vision","517765"
"77","Computer vision","382970"
"77","Computer vision","537228"
"77","Computer vision","16455"
"77","Computer vision","235028"
"77","Computer vision","85608"
"77","Computer vision","157181"
"77","Computer vision","508721"
"77","Computer vision","541738"
"77","Computer vision","60817"
"77","Computer vision","511048"
"77","Liked","-1"
"77","Liked","200908"
"77","Liked","70342"
"77","Liked","37870"
"77","Liked","234564"
"78","Nielsons heuristics","-1"
"78","Nielsons heuristics","624594"
"78","Nielsons heuristics","239696"
"78","Nielsons heuristics","437220"
"78","Nielsons heuristics","82077"
"78","Nielsons heuristics","75962"
"78","Nielsons heuristics","403031"
"78","Nielsons heuristics","462103"
"78","Nielsons heuristics","249207"
"78","Nielsons heuristics","169370"
"78","Nielsons heuristics","278039"
"78","Nielsons heuristics","377186"
"78","Usability","-1"
"78","Usability","579508"
"78","Usability","183242"
"78","Usability","29149"
"78","Usability","438570"
"78","Usability","545546"
"78","Usability","114218"
"78","Usability","258764"
"78","Usability","532280"
"78","Liked","-1"
"78","Liked","443396"
"78","Liked","311379"
"78","Liked","482453"
"78","Liked","540575"
"78","Liked","88516"
"78","Liked","30279"
"78","Liked","452516"
"78","Liked","580302"
"79","Extrapolation","-1"
"79","Extrapolation","620557"
"79","Extrapolation","104626"
"79","Extrapolation","226842"
"79","Graphics transform","-1"
"79","Graphics transform","296277"
"79","Graphics transform","393175"
"79","Finite state machine","-1"
"79","Finite state machine","547168"
"79","Finite state machine","519738"
"79","Finite state machine","551041"
"79","Finite state machine","497133"
"79","Finite state machine","314171"
"79","Finite state machine","356826"
"79","Finite state machine","309040"
"79","Finite state machine","388606"
"79","Finite state machine","21241"
"79","Finite state machine","616679"
"79","Finite state machine","179027"
"79","Finite state machine","525287"
"79","Nielsons heuristics","-1"
"79","Nielsons heuristics","122508"
"79","Nielsons heuristics","249108"
"79","Nielsons heuristics","22794"
"79","Nielsons heuristics","443900"
"79","Nielsons heuristics","377471"
"79","Nielsons heuristics","216538"
"79","Nielsons heuristics","446548"
"79","Nielsons heuristics","176000"
"79","Liked","-1"
"79","Liked","216418"
"79","Liked","144796"
"80","Liked","-1"
"81","Programming language","-1"
"81","Programming language","452449"
"81","Programming language","158758"
"81","Programming language","342257"
"81","Programming language","425214"
"81","Programming language","395004"
"81","Programming language","179845"
"81","Programming language","207459"
"81","Programming language","459512"
"81","Programming language","320544"
"81","Programming language","335677"
"81","Programming language","437402"
"81","Programming language","76646"
"81","Linear search (sequential search)","-1"
"81","Linear search (sequential search)","584759"
"81","Linear search (sequential search)","447353"
"81","Linear search (sequential search)","399053"
"81","Linear search (sequential search)","47898"
"81","Linear search (sequential search)","447668"
"81","Linear search (sequential search)","45684"
"81","Linear search (sequential search)","467973"
"81","Linear search (sequential search)","84114"
"81","Linear search (sequential search)","584515"
"81","Linear search (sequential search)","508763"
"81","Linear search (sequential search)","84771"
"81","Computer program","-1"
"81","Computer program","179013"
"81","Computer program","63809"
"81","Computer program","601471"
"81","Computer program","209015"
"81","Computer program","582598"
"81","Computer program","211065"
"81","Computer program","579117"
"81","Computer program","45036"
"81","Bit","-1"
"81","Bit","55353"
"81","Bit","380316"
"81","Bit","26859"
"81","Bit","251224"
"81","ISBN","-1"
"81","ISBN","483092"
"81","ISBN","389040"
"81","ISBN","241709"
"81","ISBN","96301"
"81","ISBN","433634"
"81","ISBN","608673"
"81","ISBN","141770"
"81","ISBN","483253"
"81","ISBN","401922"
"81","ISBN","11474"
"81","ISBN","342985"
"81","ISBN","388381"
"81","Liked","-1"
"81","Liked","221354"
"81","Liked","487746"
"81","Liked","438388"
"81","Liked","395502"
"81","Liked","122474"
"81","Liked","629403"
"81","Liked","275908"
"81","Liked","220007"
"81","Liked","277815"
"81","Liked","386243"
"82","ISBN","-1"
"82","ISBN","608688"
"82","ISBN","161991"
"82","ISBN","485226"
"82","ISBN","108876"
"82","ISBN","182138"
"82","ISBN","273468"
"82","ISBN","539851"
"82","ISBN","290876"
"82","String","-1"
"82","String","387673"
"82","Binary number system","-1"
"82","Binary number system","453772"
"82","Binary number system","380992"
"82","Binary number system","444147"
"82","Liked","-1"
"82","Liked","64468"
"82","Liked","63443"
"82","Liked","216060"
"82","Liked","591827"
"82","Liked","546211"
"82","Liked","221743"
"83","Substitution cipher","-1"
"83","Substitution cipher","289648"
"83","Substitution cipher","421328"
"83","Substitution cipher","389352"
"83","Substitution cipher","288746"
"83","Substitution cipher","298477"
"83","Substitution cipher","380253"
"83","Substitution cipher","112441"
"83","Substitution cipher","116379"
"83","Substitution cipher","538766"
"83","Substitution cipher","561940"
"83","Dictionary attack","-1"
"83","Dictionary attack","606712"
"83","Dictionary attack","26212"
"83","Dictionary attack","234021"
"83","Algorithm","-1"
"83","Algorithm","8867"
"83","Algorithm","528983"
"83","Algorithm","44700"
"83","Algorithm","324588"
"83","Algorithm","403803"
"83","Algorithm","598404"
"83","Algorithm","66252"
"83","Algorithm","377527"
"83","Algorithm","254725"
"83","Error correction","-1"
"83","Error correction","451825"
"83","Error correction","516853"
"83","Error correction","439362"
"83","Error correction","608200"
"83","Error correction","208639"
"83","Error correction","139157"
"83","Error correction","108205"
"83","Error correction","419017"
"83","Error correction","67908"
"83","Error correction","457132"
"83","Error correction","525616"
"83","Error correction","80701"
"83","Error correction","519264"
"83","Error correction","20904"
"83","Error correction","373444"
"83","Liked","-1"
"83","Liked","100163"
"83","Liked","289517"
"83","Liked","286612"
"83","Liked","528843"
"83","Liked","196169"
"84","Liked","-1"
"85","Usability heuristic","-1"
"85","Usability heuristic","551650"
"85","Usability heuristic","10808"
"85","Usability heuristic","197798"
"85","Usability heuristic","37171"
"85","Usability heuristic","275569"
"85","Usability heuristic","35548"
"85","Unicode","-1"
"85","Unicode","7405"
"85","Unicode","39698"
"85","Unicode","294512"
"85","Unicode","342221"
"85","Unicode","461045"
"85","Unicode","230050"
"85","Unicode","460331"
"85","Unicode","411758"
"85","Unicode","80008"
"85","Attack","-1"
"85","Attack","374927"
"85","Attack","458839"
"85","Attack","521075"
"85","Attack","612436"
"85","Attack","601137"
"85","Attack","241267"
"85","Attack","570739"
"85","Attack","364627"
"85","Attack","58100"
"85","Visual computing","-1"
"85","Visual computing","597667"
"85","Visual computing","79504"
"85","Visual computing","118612"
"85","Visual computing","243555"
"85","Visual computing","33670"
"85","Visual computing","318509"
"85","Visual computing","380496"
"85","Visual computing","596379"
"85","Visual computing","614813"
"85","Visual computing","506560"
"85","Visual computing","244209"
"85","Liked","-1"
"85","Liked","614469"
"85","Liked","213612"
"85","Liked","135530"
"86","Syntax diagram","-1"
"86","Syntax diagram","488422"
"86","Syntax diagram","363399"
"86","Syntax diagram","262769"
"86","Syntax diagram","100867"
"86","Syntax diagram","376218"
"86","Syntax diagram","99475"
"86","Syntax diagram","321049"
"86","Syntax diagram","450408"
"86","Syntax diagram","224790"
"86","Syntax diagram","165641"
"86","Convention","-1"
"86","Convention","65873"
"86","Convention","229011"
"86","Convention","560069"
"86","Convention","274166"
"86","Convention","111762"
"86","Convention","54524"
"86","Convention","560131"
"86","Convention","189410"
"86","Convention","61466"
"86","Dictionary attack","-1"
"86","Dictionary attack","449034"
"86","Dictionary attack","116951"
"86","Dictionary attack","161947"
"86","Dictionary attack","495756"
"86","Dictionary attack","564439"
"86","Dictionary attack","433402"
"86","Dictionary attack","49801"
"86","Dictionary attack","302942"
"86","Dictionary attack","356212"
"86","Dictionary attack","357390"
"86","Dictionary attack","455649"
"86","Dictionary attack","615125"
"86","Dictionary attack","436568"
"86","Dictionary attack","118312"
"86","Dictionary attack","377220"
"86","Syntactically correct","-1"
"86","Syntactically correct","98254"
"86","Syntactically correct","535198"
"86","Syntactically correct","606974"
"86","Syntactically correct","162883"
"86","Syntactically correct","53365"
"86","Syntactically correct","624515"
"86","Syntactically correct","602706"
"86","Liked","-1"
"86","Liked","570334"
"86","Liked","333895"
"86","Liked","332437"
"87","ALC","-1"
"87","ALC","33874"
"87","ALC","442774"
"87","ALC","24380"
"87","ALC","328913"
"87","ALC","453098"
"87","ALC","416070"
"87","ALC","423275"
"87","ALC","294071"
"87","ALC","539851"
"87","ALC","82895"
"87","Insertion sort","-1"
"87","Insertion sort","137442"
"87","Insertion sort","340921"
"87","Insertion sort","163641"
"87","Insertion sort","120467"
"87","Liked","-1"
"87","Liked","256667"
"87","Liked","287316"
"87","Liked","249167"
"87","Liked","415946"
"88","Liked","-1"
"89","Image segmentation","-1"
"89","Image segmentation","365720"
"89","Image segmentation","25288"
"89","Image segmentation","198461"
"89","Image segmentation","461138"
"89","Image segmentation","244701"
"89","Image segmentation","363334"
"89","Image segmentation","93350"
"89","Image segmentation","226950"
"89","Image segmentation","30110"
"89","Image segmentation","245096"
"89","Image segmentation","446356"
"89","Image segmentation","454339"
"89","Image segmentation","306124"
"89","Image segmentation","976"
"89","Image segmentation","168917"
"89","JPEG","-1"
"89","JPEG","576694"
"89","JPEG","481434"
"89","JPEG","335007"
"89","JPEG","394511"
"89","JPEG","475820"
"89","JPEG","527267"
"89","JPEG","613991"
"89","JPEG","90627"
"89","JPEG","95611"
"89","JPEG","457592"
"89","JPEG","38180"
"89","JPEG","344184"
"89","JPEG","223440"
"89","JPEG","87910"
"89","Bozo search","-1"
"89","Bozo search","369137"
"89","Bozo search","462168"
"89","Bozo search","621872"
"89","Bozo search","22776"
"89","Bozo search","472575"
"89","Bozo search","215595"
"89","Bozo search","477183"
"89","Bozo search","554623"
"89","Bozo search","152759"
"89","Bozo search","321296"
"89","Bozo search","237813"
"89","Bozo search","51003"
"89","Liked","-1"
"89","Liked","522734"
"89","Liked","330862"
"89","Liked","128816"
"89","Liked","67566"
"89","Liked","345014"
"89","Liked","287084"
"89","Liked","305584"
"89","Liked","222916"
"90","Liked","-1"
"91","Compiler","-1"
"91","Compiler","176752"
"91","Cipher","-1"
"91","Cipher","174502"
"91","Cipher","26670"
"91","Cipher","153140"
"91","Cipher","586899"
"91","Cipher","139383"
"91","Cipher","242176"
"91","Cipher","412496"
"91","Cipher","328398"
"91","Cipher","71123"
"91","Cipher","443122"
"91","Cipher","414171"
"91","Cipher","287193"
"91","Cipher","136962"
"91","Cipher","11247"
"91","Cipher","13301"
"91","Server","-1"
"91","Server","145400"
"91","Server","444684"
"91","Server","55644"
"91","Server","288818"
"91","Server","575647"
"91","Server","465784"
"91","Server","621367"
"91","Server","483454"
"91","Server","552273"
"91","Server","537065"
"91","Liked","-1"
"91","Liked","307211"
"91","Liked","565639"
"91","Liked","237777"
"91","Liked","217366"
"91","Liked","403132"
"91","Liked","209712"
"91","Liked","580477"
"91","Liked","618004"
"91","Liked","579424"
"91","Liked","465314"
"92","Big O notation","-1"
"92","Big O notation","510139"
"92","Syntax","-1"
"92","Syntax","132756"
"92","Syntax","4300"
"92","Syntax","253808"
"92","Syntax","575396"
"92","Syntax","77392"
"92","Syntax","251923"
"92","Syntax","370677"
"92","Syntax","398232"
"92","Syntax","608605"
"92","Syntax","582988"
"92","Syntax","492754"
"92","Syntax","170718"
"92","Syntax","78812"
"92","Finite state automaton","-1"
"92","Finite state automaton","222488"
"92","Finite state automaton","520820"
"92","Finite state automaton","22688"
"92","Finite state automaton","127520"
"92","Finite state automaton","356947"
"92","Finite state automaton","510902"
"92","Finite state automaton","486847"
"92","Finite state automaton","284950"
"92","Finite state automaton","408122"
"92","Finite state automaton","562499"
"92","Finite state automaton","330554"
"92","Finite state automaton","164965"
"92","Finite state automaton","748"
"92","Liked","-1"
"93","Data point","-1"
"93","Data point","585635"
"93","Data point","322425"
"93","Association Rule Learning","-1"
"93","Association Rule Learning","42103"
"93","Association Rule Learning","259376"
"93","Association Rule Learning","351073"
"93","Association Rule Learning","147068"
"93","Association Rule Learning","456748"
"93","Association Rule Learning","535351"
"93","Association Rule Learning","152534"
"93","Hexadecimal","-1"
"93","Hexadecimal","200731"
"93","Hexadecimal","224581"
"93","Hexadecimal","89453"
"93","Hexadecimal","137493"
"93","Hexadecimal","342899"
"93","Hexadecimal","466224"
"93","Liked","-1"
"93","Liked","6944"
"93","Liked","118797"
"93","Liked","492817"
"93","Liked","53653"
"93","Liked","277485"
"94","Hexadecimal","-1"
"94","Hexadecimal","531412"
"94","Hexadecimal","500580"
"94","Language","-1"
"94","Language","71471"
"94","Language","627393"
"94","Language","329885"
"94","Language","455703"
"94","Language","521274"
"94","Language","59953"
"94","Language","63328"
"94","Language","267953"
"94","Language","102599"
"94","Language","385191"
"94","Language","316596"
"94","Feature","-1"
"94","Feature","25431"
"94","Feature","311771"
"94","Feature","155143"
"94","Feature","195988"
"94","Feature","445707"
"94","Chomsky hierarchy","-1"
"94","Chomsky hierarchy","116723"
"94","Error detection","-1"
"94","Error detection","304846"
"94","Error detection","39208"
"94","Error detection","121235"
"94","Liked","-1"
"94","Liked","77523"
"94","Liked","170674"
"94","Liked","155761"
"94","Liked","246198"
"94","Liked","464466"
"94","Liked","116093"
"94","Liked","494279"
"94","Liked","531601"
"94","Liked","568753"
"95","Liked","-1"
"96","Liked","-1"
"97","Asymptotic complexity","-1"
"97","Asymptotic complexity","54302"
"97","Asymptotic complexity","268574"
"97","Asymptotic complexity","210866"
"97","Asymptotic complexity","242865"
"97","Asymptotic complexity","40106"
"97","Asymptotic complexity","377796"
"97","Asymptotic complexity","426905"
"97","Asymptotic complexity","200185"
"97","Asymptotic complexity","388990"
"97","Asymptotic complexity","317778"
"97","Asymptotic complexity","198037"
"97","Bit","-1"
"97","Bit","440905"
"97","Bit","187724"
"97","Bit","470013"
"97","Bit","406905"
"97","Bit","180399"
"97","Bit","67555"
"97","Bit","331713"
"97","Bit","628077"
"97","Bit","115388"
"97","Bit","248941"
"97","String","-1"
"97","String","203751"
"97","String","479607"
"97","String","92208"
"97","String","41599"
"97","String","357687"
"97","String","476215"
"97","Liked","-1"
"97","Liked","76897"
"97","Liked","408000"
"97","Liked","577394"
"97","Liked","303937"
"98","Algorithm complexity","-1"
"98","Algorithm complexity","628203"
"98","Algorithm complexity","235"
"98","Algorithm complexity","146640"
"98","User story","-1"
"98","User story","432712"
"98","User story","130064"
"98","Liked","-1"
"98","Liked","298540"
"98","Liked","233013"
"98","Liked","406389"
"98","Liked","75320"
"98","Liked","279459"
"98","Liked","174367"
"99","Error correction","-1"
"99","Error correction","476467"
"99","Error correction","211170"
"99","Error correction","18265"
"99","Error correction","55786"
"99","Error correction","334931"
"99","Error correction","259192"
"99","Error correction","277627"
"99","Error correction","336035"
"99","Error correction","291146"
"99","Error correction","449449"
"99","Error correction","38516"
"99","Error correction","305869"
"99","String","-1"
"99","String","501834"
"99","String","184232"
"99","String","332897"
"99","String","78721"
"99","String","47416"
"99","String","188766"
"99","String","140067"
"99","String","46324"
"99","String","594483"
"99","String","280208"
"99","String","161963"
"99","Liked","-1"
"99","Liked","284512"
"99","Liked","619154"
"99","Liked","436104"
